y_true	y_pred
15.1457	17.038021
16.886892	15.771721
16.145987	16.436825
16.509651	15.938658
15.505843	16.943974
15.803895	16.56982
16.05834	16.740278
16.690552	16.101343
16.094069	16.434088
16.263346	16.71376
17.086834	16.589935
15.426193	16.7565
16.287422	16.112717
15.663875	16.452219
16.345945	16.736347
16.26536	16.5479
15.589066	16.512016
17.045612	16.781338
15.906505	16.058062
16.841667	17.407032
16.178421	16.049519
15.735112	16.278877
16.89613	16.167015
15.629589	15.85052
16.681383	16.531277
16.208973	15.976045
16.414923	15.875963
15.978547	16.449263
15.714116	15.825703
16.890968	16.797253
15.655402	16.298111
15.349494	15.810516
16.71894	16.57813
15.631425	16.092966
16.527267	16.99441
16.15724	17.69932
16.321213	16.164436
16.38066	17.108349
15.937979	16.444159
16.786158	18.148354
16.299664	16.525375
16.451666	16.479668
15.935927	16.748463
15.857921	16.029669
16.824896	17.384628
16.568283	16.05075
16.06704	15.814825
16.357018	16.259796
16.119228	15.630356
16.964542	16.501047
16.547354	16.510319
15.756743	15.940015
16.498617	16.545794
15.952412	15.9204855
17.214306	17.162117
16.068413	14.531373
15.341142	14.861383
16.250633	14.64672
15.905134	14.602913
16.501665	15.302794
16.18976	16.045094
16.130566	15.587122
16.348328	15.641096
15.903898	15.353768
16.82539	16.71339
16.76628	16.892822
16.063519	16.408215
16.580097	16.260143
15.778028	15.941866
16.875916	17.163061
16.899887	16.918797
15.888749	16.409824
16.902407	16.261074
16.3129	15.946008
17.042515	17.174725
16.159155	17.539307
15.82209	16.111195
16.566608	16.692474
15.765454	16.612833
16.540504	18.18886
16.211905	16.597
16.042732	15.253804
16.382656	16.456554
15.760692	15.604468
16.88363	17.090038
16.62369	16.743425
16.110176	16.290337
16.419235	16.576302
16.066172	16.206392
16.786411	16.882732
16.323267	14.439589
16.132166	15.910515
16.741192	16.009026
15.9390955	15.040384
16.665506	15.771304
16.451855	14.76665
16.442186	14.853118
16.038836	13.992556
15.811369	14.143871
16.877302	15.081508
16.429565	15.189455
16.05194	15.423358
16.206198	15.715073
15.8325	15.167808
17.124292	16.17062
16.15875	15.926556
16.226631	15.594619
16.386148	16.543102
15.858533	15.360931
16.836418	16.636497
16.259066	15.915191
16.080675	15.610138
16.441528	16.656788
15.595962	16.108124
16.797321	16.565992
16.057735	16.660208
16.143967	16.305527
16.171684	16.249878
15.726383	16.219149
16.690243	16.895306
16.278627	16.344063
16.192408	15.807718
16.361418	16.739716
15.954833	15.84794
16.82854	16.732248
16.23025	17.024597
15.928743	17.270157
17.003057	18.069845
16.0219	17.20155
16.606878	17.67664
16.54007	16.604902
15.75253	15.0880375
16.750082	16.262821
15.677303	15.754637
16.9242	16.945553
16.497679	14.815577
15.60617	15.307299
16.576727	14.998343
15.707249	14.590083
17.040005	15.334477
16.031319	16.747711
15.982983	16.51302
16.501047	16.991276
15.899202	16.268278
16.721542	17.526077
16.226786	16.989225
16.063946	14.575279
16.377853	16.155886
15.806686	15.481724
16.580654	17.134113
16.45144	15.624285
16.205917	14.650965
16.430733	16.270275
15.716693	15.169151
16.883415	16.05008
16.326778	15.35228
16.007765	15.094408
16.155663	15.044132
15.762296	14.448904
16.845554	16.142202
16.343927	16.310188
16.331047	16.33859
16.28598	16.452671
15.936598	15.558104
16.480564	17.618635
16.660748	17.008045
16.026915	15.572344
16.38781	16.531448
15.631192	15.492919
16.968592	17.255882
16.351719	15.730675
16.316322	15.082088
16.282711	15.318225
15.743172	14.880827
16.673069	16.10091
16.692314	15.655548
15.647874	15.869105
16.578901	16.81179
15.9292965	16.091127
17.125978	16.259705
16.22151	14.530644
16.104937	14.833706
16.763775	15.547913
15.977334	14.886815
16.704853	15.265211
15.967158	16.761345
15.908271	14.343065
16.615604	15.721186
15.716564	15.193543
16.608242	16.945173
16.067741	16.678024
15.712713	16.66272
16.461174	16.789478
15.734152	16.779959
16.674023	17.147596
16.442608	16.233513
16.146147	16.268356
16.064167	16.403477
15.745997	15.498666
16.956495	17.55664
16.25007	16.547161
15.898918	16.212511
16.779257	16.54737
15.87911	15.814542
16.700356	16.92849
16.684782	16.128471
15.526549	15.4080105
16.814219	16.816639
15.582408	15.583118
17.296257	16.662476
16.492142	17.395958
16.027964	17.388699
16.403938	16.926153
15.948865	16.926332
16.929762	18.311724
16.16861	16.447556
16.138573	15.6860695
16.663548	16.86773
16.109507	15.749962
16.735708	16.939213
17.088533	16.60874
15.532495	16.810062
16.52663	15.363548
15.696691	16.305164
17.0842	15.936495
16.858976	18.025335
15.844783	17.100872
16.312723	17.6489
15.619204	17.081493
17.361315	18.178398
16.255554	16.511105
16.194624	15.507876
15.864861	15.813922
15.657411	15.340508
16.868969	16.662676
16.56749	16.403063
16.203707	15.585079
15.9025955	16.314049
15.773818	15.729504
17.099276	17.080206
16.601986	16.629272
16.088926	16.585789
16.226448	16.732498
15.767337	16.726784
17.032803	17.086403
16.849388	16.582489
16.08278	15.605039
16.309032	16.289257
15.820946	15.475357
17.270536	17.364561
16.46957	16.542406
16.79579	15.745767
16.044456	16.672512
15.900801	15.783508
16.799358	17.143604
16.266586	15.931692
15.6441765	16.329529
17.169668	16.92583
15.9169	15.731755
16.857996	16.471886
16.80069	15.644285
15.747973	14.665706
16.11409	14.888327
15.789671	14.361512
17.165136	16.012493
16.478346	15.705585
16.087742	15.8204975
15.844669	14.461959
15.60123	15.090305
16.853935	15.646937
16.334877	13.365535
15.960951	13.3167515
16.309032	12.734043
15.831468	12.886292
16.778763	12.781868
16.557272	15.688266
16.03273	15.603392
16.41351	16.02808
15.758361	15.448108
17.053724	16.087233
16.183363	16.281868
16.059744	15.52556
16.542795	16.883736
15.874672	15.743649
16.833078	17.07748
16.556599	15.985594
15.84663	15.872709
16.514248	15.901056
15.729834	15.607816
17.072239	16.37845
16.878504	16.804794
15.969543	16.326118
16.289751	16.531658
15.615469	16.581137
17.026346	17.405228
16.52605	16.890833
16.313202	16.13878
16.544874	17.424202
15.959689	16.085932
16.98586	17.460667
16.248905	16.891518
16.045805	16.305822
16.900839	16.830257
15.967972	16.069805
16.67136	16.623665
16.466822	15.789763
15.816519	15.044402
16.987448	16.47859
15.6006155	15.116146
16.905403	16.242302
15.969775	17.244503
16.050068	15.109357
16.72931	17.668018
15.73359	15.337992
16.487436	18.101273
16.267227	15.914188
16.60074	15.158717
16.236477	16.9855
15.863315	15.458325
16.680532	16.832996
16.510405	16.744694
16.055685	16.318773
16.27816	16.578928
15.818987	16.001286
16.987896	16.959736
16.568495	15.432265
16.287855	14.846559
15.856608	14.248598
15.867025	14.541833
16.963375	15.293881
16.48551	17.714825
16.053318	16.47776
16.310114	16.273838
16.050285	16.707216
17.059275	17.889462
17.145512	17.02809
15.70641	16.11351
16.191544	15.920029
15.984571	15.969453
17.254223	17.150469
16.16518	16.899857
16.31118	16.151505
16.521437	17.429024
15.917501	16.086939
16.738453	17.465336
16.812721	16.92439
15.669365	16.162643
16.866894	17.44977
15.8862	16.116005
17.483387	17.480042
16.66063	18.814877
15.964871	18.401146
16.84934	18.759436
15.785527	18.044882
16.980827	19.077486
16.504019	15.448953
16.245258	15.535112
16.57761	15.402018
15.748879	15.352933
17.009977	15.716913
16.488104	16.596195
16.223536	15.554509
16.21378	16.879108
15.626904	15.692602
17.09908	17.118607
15.849364	16.58298
15.912044	16.119116
16.36728	15.90407
15.697114	15.692426
16.584404	16.984703
16.386797	15.524529
16.07954	15.602226
16.544117	15.811996
16.087831	15.450332
17.067242	15.850072
16.773478	15.406292
15.651066	14.830923
16.933044	15.9401655
15.928991	14.983083
17.311743	15.649494
16.258177	19.395164
16.386595	16.861223
16.71776	18.436092
15.844298	17.184076
16.617512	19.547588
16.634874	14.564672
15.814856	14.735874
17.025385	15.661955
16.083138	14.376175
16.833052	14.674053
16.419903	15.2525215
16.461338	15.420728
16.498243	15.636228
15.816147	14.654512
16.867634	16.115166
16.667126	17.108223
15.890222	17.25845
16.130955	17.58958
15.935963	16.651056
17.114784	18.052979
16.512724	16.486992
16.34002	16.66452
16.041636	16.391617
15.911638	16.198252
16.887451	16.75721
16.19537	16.584991
16.113768	16.109554
16.167784	16.4944
15.854684	15.992343
16.571915	17.081568
15.924619	15.837559
16.020025	16.505314
16.64427	16.62764
15.664456	15.894273
16.416193	16.79272
16.11605	17.920925
16.173872	16.765701
16.213139	16.998995
15.950694	16.724632
16.6447	18.302216
17.263817	16.507214
16.16314	16.164392
16.223978	16.202866
16.124498	16.12762
16.880013	16.79021
16.159372	16.31594
16.280396	15.470065
16.687452	16.432058
15.879461	15.830642
16.398949	16.490898
16.785227	15.101508
15.831211	15.184817
16.882938	15.403574
15.662883	14.3985195
17.127308	15.283114
16.053078	15.170547
16.611172	15.205398
16.823586	15.229232
15.802492	14.78057
16.521345	15.35398
16.480247	15.963979
16.45858	15.187239
16.172182	15.995329
15.755807	15.510764
16.684734	15.800025
16.432138	16.583784
16.594002	16.22786
15.920159	16.654865
15.909151	15.946108
16.730854	16.6659
16.526714	17.779755
16.021767	16.663876
16.097637	16.928148
16.057999	17.264696
16.98219	17.823164
16.092571	17.40017
16.257395	16.53228
16.01278	16.516209
15.9300165	16.408175
16.476713	17.564053
16.124746	17.541588
16.2687	16.932453
15.905729	17.35566
15.934857	16.578709
16.670229	18.049862
16.42148	16.539654
15.403653	16.190163
16.636755	16.247618
15.674792	16.152523
16.78825	16.823433
15.621571	17.576931
16.04783	16.837414
16.894745	17.676388
16.140408	16.407585
16.226864	18.163849
16.70833	15.284565
16.00685	15.268187
17.014847	16.904087
16.172327	15.321463
16.91889	15.901916
16.31551	16.741552
16.240417	16.996082
16.937075	16.53244
15.834224	16.291624
16.820425	16.964964
16.0173	16.173115
16.368418	16.186539
17.07241	17.134525
15.935196	16.199696
16.535566	16.338982
16.581264	17.231678
15.876558	17.037369
16.486458	16.912603
15.875817	16.351927
16.979322	17.620937
17.07374	17.619226
16.304468	16.411476
15.945765	17.169447
15.691425	16.347319
17.163767	17.942623
16.200075	18.578827
16.230139	17.177113
16.409481	19.008255
15.631099	17.580503
16.59774	19.141808
16.382347	17.715084
15.84683	18.108265
16.200317	17.361565
15.976422	17.616806
16.882368	18.235104
16.626842	17.21504
15.562479	16.073698
16.37024	16.218513
15.851046	16.210135
16.922758	17.249043
16.492624	17.47768
16.111267	15.862959
17.103222	18.150152
15.897434	16.159918
16.796965	18.18725
16.18699	16.419914
16.262205	16.247402
16.966616	16.984617
15.917392	16.10814
16.589987	16.774317
16.670506	15.870851
15.598789	15.186801
16.82983	16.077763
15.94626	15.187471
16.999216	16.398485
16.578863	15.696125
15.835257	15.236768
16.553715	14.913849
15.689008	14.766806
17.086878	15.918453
16.250988	16.03428
16.421177	15.328719
15.964473	16.141125
15.930195	15.350382
16.626356	16.755886
16.915632	17.322645
15.5897045	17.360931
16.440664	16.148426
15.75366	16.430273
17.105398	17.199226
16.1603	16.130543
16.167492	17.585163
16.164827	15.879215
15.809218	16.707933
16.677526	16.653786
15.849637	16.318296
16.30635	16.142555
16.584452	16.73766
15.874626	15.573196
16.475803	16.976526
15.930028	16.321041
16.168295	16.055195
16.52514	16.632797
15.978067	15.72018
16.538761	16.908115
16.580929	16.95783
15.289537	16.906681
16.565847	17.644009
15.706355	16.99712
17.201838	18.324516
15.839904	16.167877
15.974153	16.37334
16.291897	16.058208
15.665309	15.877038
16.53167	16.558
15.744619	17.580105
16.541811	16.52915
16.510956	17.108738
16.115686	16.529503
16.188776	17.75156
16.189388	15.996683
15.66865	17.589502
17.18262	16.085249
15.459505	15.956266
16.656271	15.954088
16.503033	15.617054
15.8177805	15.481087
16.437702	16.329521
15.98113	15.040225
17.067406	16.500732
16.44995	16.377235
16.030235	15.425716
16.091148	16.728596
15.798269	15.421389
16.867035	16.714602
16.54644	16.486584
16.049513	16.576883
16.230515	16.076368
15.800314	16.050247
17.142176	16.90408
16.309591	15.979233
16.403776	16.12785
16.135677	16.152372
16.032738	16.001535
16.66903	16.742146
16.211365	15.880581
15.796744	15.919085
16.359097	16.921747
15.84688	16.06061
16.538849	16.844246
15.864559	16.064327
16.217575	16.033113
16.144352	16.292076
15.886534	16.04915
16.399935	16.812645
16.301247	17.433289
15.839205	15.757222
16.14782	16.071474
15.925072	15.8972
16.667547	17.44527
16.568121	17.188255
15.61046	16.690405
17.042599	17.495123
15.969527	16.739515
16.918324	16.984491
16.241209	17.477478
16.202303	16.88175
16.99804	18.492662
15.792735	17.034376
16.668276	17.418747
16.54449	16.576958
16.134949	15.901226
16.89789	17.01378
15.793611	15.658239
16.96732	16.94875
16.3704	15.033839
15.915416	14.577543
16.533573	15.3563385
15.781192	14.807313
16.899307	15.4334135
16.14537	17.218925
16.01252	16.28885
16.088772	16.492678
16.184391	16.337929
16.646143	17.439936
16.261961	16.408676
15.908489	16.366287
16.165203	16.688044
15.970833	16.438574
16.843222	16.925896
15.85102	15.866001
16.100916	16.491997
16.234608	16.405125
16.045654	15.813266
16.459867	17.03522
16.50899	15.950483
16.080614	15.825413
16.09115	15.887662
15.817718	15.624759
17.01966	16.793695
16.487955	16.600815
15.88015	17.565346
16.304548	17.894016
15.974894	17.251804
16.778515	17.738556
16.706423	16.488834
16.038176	15.813678
16.818846	17.193815
16.137741	15.899282
17.091986	17.186344
15.591599	16.417099
16.557312	16.23338
16.524656	16.647545
15.978232	16.050379
15.994637	16.872568
16.185791	15.86017
15.699845	16.656658
17.108578	17.063944
15.994758	16.017714
16.82524	16.851334
16.30317	13.412956
15.881218	13.8555565
17.196024	13.9708605
15.728665	13.421192
16.798216	13.74193
16.41294	17.23195
15.8008175	16.96455
17.214052	16.875446
15.953911	16.975601
16.626604	16.968224
16.469505	16.379976
16.068441	15.350622
17.154608	16.702763
16.066507	15.434172
16.669872	16.836708
16.623415	16.286997
16.103798	16.939537
16.98861	17.216124
15.981189	16.347866
16.831656	16.85933
17.28824	15.146809
15.97954	15.13884
16.830929	17.25244
15.867488	16.13568
17.241117	15.119705
16.168259	16.199665
16.592108	15.017795
16.075382	15.825848
15.978914	15.373029
16.586863	16.428347
16.55933	18.46418
15.999034	18.767582
16.212952	18.080343
15.904471	18.827108
17.038786	18.702301
16.101414	16.42332
16.139675	15.673183
16.19343	16.63379
15.869869	15.73763
16.793716	16.942873
16.745626	18.005676
16.103476	16.48273
16.184322	17.079165
15.868466	16.762465
17.124142	17.91196
16.556347	16.684364
16.241304	15.735594
15.993688	16.824192
15.817245	15.54092
17.086376	17.231413
16.36537	14.867415
16.21298	14.6254
15.986936	13.690714
15.831367	14.206269
16.805077	14.963879
16.37987	14.906696
15.931914	12.984134
16.1006	14.434004
15.732959	13.696267
17.08918	15.568958
16.169495	15.967302
15.922941	16.228468
16.748898	16.420372
15.975075	15.891726
16.904222	16.590992
16.229322	16.77039
16.04282	16.211998
16.387455	16.516018
16.100979	16.124857
16.664274	17.62746
16.140505	15.249509
16.395756	15.229258
16.038975	16.182053
15.923368	15.3183155
16.774437	15.863066
15.99758	15.309796
15.935738	15.274184
16.482164	15.640969
15.767183	15.396405
16.346489	16.063503
15.874138	15.792379
16.12983	16.156801
16.155607	16.283459
15.7847595	15.827111
16.479456	16.470459
16.175783	16.314405
15.578697	16.061394
17.18692	17.054356
15.885377	16.18099
16.845797	16.851776
16.227327	15.631575
16.226053	14.405708
16.834404	16.388468
15.981715	15.261257
16.777077	15.996978
16.125769	17.926582
15.939676	16.570992
16.611277	18.170828
15.980065	16.321095
16.633507	18.35366
16.684265	15.222866
15.732558	14.69454
16.518963	14.708343
15.812666	14.4784
17.126518	15.733458
16.498371	18.29806
16.116884	19.21251
16.208235	18.750862
15.825502	18.74959
17.054811	18.899017
16.072973	18.432201
16.017267	17.771587
16.072905	17.311438
15.707691	17.598763
16.787897	18.304611
16.458197	14.588185
15.901586	14.628191
16.223198	13.743803
15.7246065	14.3185425
16.953424	14.623769
15.910049	16.418911
16.28716	16.131855
16.223722	16.777689
15.898313	15.611349
16.6209	17.392948
16.181042	17.201523
15.404979	16.563225
16.631119	16.828007
15.831012	16.98214
16.876146	17.421474
16.615646	16.977058
15.723123	17.22456
17.187435	17.30551
15.832442	16.856424
16.978827	17.185429
17.932459	16.069092
15.923625	14.862755
16.155016	16.169058
15.475785	14.557963
17.173357	16.356043
16.302769	15.565265
16.139437	15.827418
16.709784	16.583462
15.950967	16.052782
16.814732	15.76724
16.164003	16.594673
15.998791	16.246078
16.624863	16.906092
15.657921	16.311071
16.804089	16.890224
15.747024	16.349014
15.989157	16.329678
16.81626	16.502428
15.775002	15.817471
16.47699	16.926674
16.211876	16.957552
16.285473	16.375713
16.301651	17.216976
15.983558	16.752674
16.77539	17.830833
16.02788	16.868877
15.882251	17.647507
17.17903	17.612919
15.727287	16.895193
16.555124	17.752512
16.490824	16.096382
15.878942	16.163643
17.23301	16.42789
15.865944	15.344088
16.993322	16.329853
16.378496	18.123857
16.255795	18.131025
16.379692	17.56728
15.877253	17.441113
16.917099	18.68192
16.765635	19.115808
16.180544	18.19326
16.119318	18.239258
15.847688	18.005665
17.114988	19.482615
16.02779	16.092712
15.847595	16.326096
16.520401	16.487278
15.9304495	16.05708
16.665482	16.744839
16.399448	18.290468
16.30883	18.066935
16.639307	19.404015
15.756373	17.817575
16.686398	19.21151
16.109211	14.757447
16.169336	13.896404
17.153755	14.940512
16.328533	14.331175
16.723557	14.897702
16.136457	17.070915
16.136818	15.845625
17.111942	16.56806
15.903819	15.942545
16.712374	17.188803
16.374134	15.143513
15.660296	15.364224
17.324116	16.056688
15.811999	15.088942
16.779886	15.717139
16.556501	16.804443
16.073128	16.393541
17.045229	17.276932
16.124174	16.151606
16.705221	17.25307
17.429787	15.8466015
15.149871	15.714106
17.208027	16.57222
15.917686	15.46046
17.277647	16.31363
16.628965	19.508354
16.05434	17.50749
17.158659	19.580828
16.165785	17.930304
16.764526	19.279602
16.298347	15.778828
15.865817	14.577284
16.788193	14.272378
15.958859	14.262468
16.684631	16.159399
16.563276	16.954048
16.207222	17.216711
16.10809	17.008602
16.132975	16.938166
16.87586	17.60807
15.689841	16.161526
16.319338	14.79248
16.004465	15.399916
15.676142	15.077655
16.094795	16.798561
16.157969	19.121773
15.814878	17.888962
16.630816	18.369469
15.881286	17.976915
16.658712	19.79079
16.083616	16.198833
16.167637	15.931801
16.59345	16.828869
15.653654	15.684568
16.75455	16.780777
16.302334	17.211586
15.692681	17.16909
16.864237	17.6622
15.875811	17.174673
16.95182	17.944458
16.3402	17.674232
16.104322	15.737608
16.828226	16.774343
15.65998	15.476044
16.819323	18.2221
16.095545	15.588287
16.232872	14.089682
16.97633	16.597233
15.652225	14.900378
16.707779	16.532318
16.07969	17.465471
16.058262	16.359955
17.26961	18.42771
15.6137085	16.885277
16.480833	18.148277
15.8831625	16.324924
16.121101	16.390776
16.962097	17.055237
16.060974	15.885075
16.597776	16.887474
16.699331	16.163952
15.95527	15.042745
17.015892	15.799272
15.906445	14.8564825
16.846571	16.344866
16.534384	17.57252
16.577332	15.767118
16.439314	16.675297
16.335802	16.1028
16.577717	17.936825
16.49545	15.316435
16.344257	14.329169
16.257614	15.280781
15.879573	13.962731
16.877913	16.506195
16.282757	18.276493
16.404541	18.49403
16.3397	17.575356
16.10127	17.868837
16.881577	18.677036
16.64777	16.439144
16.332146	15.735477
16.190687	17.103533
16.014793	15.615924
17.031841	16.792099
15.907132	16.176247
15.862001	15.223725
16.878832	15.289176
15.825859	15.449462
16.683966	16.510471
15.997367	17.084583
16.108612	16.605818
16.05629	17.122883
16.099762	16.64268
16.623419	17.835518
16.699974	16.819284
15.818714	16.235329
16.464008	15.996336
16.025976	16.059998
16.94027	17.005352
16.171438	17.12331
15.667418	16.706425
17.15925	17.750717
15.725937	16.457169
16.666842	17.743599
16.595177	16.90108
15.959356	16.165771
17.046362	16.341208
15.968883	15.868954
17.055126	16.70692
16.403145	15.132845
16.346317	15.670344
16.685865	15.942388
15.876712	14.522842
16.939795	15.817442
16.46294	14.363439
16.376797	14.757541
16.628006	16.023178
15.797228	14.8534565
16.797281	15.709935
16.55496	14.198763
15.691911	13.157641
17.319546	13.73064
15.780067	13.69385
16.990055	14.513889
16.337818	15.671019
16.130592	14.727185
17.083458	15.887126
15.893485	14.715942
16.665257	15.93575
16.367762	17.855646
16.017258	15.755056
17.162497	16.786171
16.305658	16.25839
16.653063	17.660793
16.121744	18.342306
16.066458	17.0024
16.687546	17.693256
16.268051	17.120352
16.611221	17.961006
16.08985	16.776718
16.212906	16.321012
16.452337	17.519855
16.13333	16.33581
16.654274	17.722284
16.125072	20.13006
16.396448	17.395977
16.388248	19.385866
16.108557	18.438425
16.542805	20.561037
16.515226	13.016821
16.026766	13.524156
16.442541	13.309393
16.066298	13.189985
16.898771	13.544692
16.752201	15.746225
15.959748	15.201181
16.313334	16.481426
15.8500805	15.6338825
17.153378	16.535093
16.637686	17.180311
16.136137	15.17247
16.22833	15.837486
15.939235	15.5372
17.084803	17.051435
16.38244	16.565445
16.425974	16.180925
16.175577	16.374031
15.941186	15.933371
16.845255	17.010502
15.701266	18.076626
16.496012	16.811
16.091368	18.76399
16.278824	17.74827
16.309673	18.63438
16.499434	16.843487
15.880643	16.3224
16.134241	16.209774
15.871254	16.311796
16.69543	16.87742
16.81024	16.678812
16.067778	16.472462
16.285503	16.41927
15.720289	16.040474
17.201208	17.07988
16.16171	18.573633
16.27874	17.295109
16.852676	18.157356
15.699965	16.93281
16.67975	18.40617
16.232988	15.966724
15.924724	16.27544
17.166107	16.971146
16.039547	16.1073
16.777018	16.58095
15.975883	14.569546
16.124664	14.039141
16.865505	15.010927
15.92277	13.974073
16.527237	15.178764
16.167498	16.682465
15.779743	16.281837
17.101591	16.615147
15.947782	16.395447
16.407303	16.569477
16.246223	16.53392
15.749202	14.736721
16.941416	16.631197
16.152521	15.510025
16.513517	16.186396
16.329102	16.262516
15.905422	15.598925
16.233126	16.89783
15.875615	15.759343
16.664408	17.491407
16.274494	17.622192
16.43164	16.626173
16.114342	18.052841
16.01451	17.443254
16.682503	18.126911
16.49784	16.103832
16.055708	16.003595
16.513432	16.55557
15.970036	15.849628
16.866932	16.555569
15.860176	15.6910305
16.056591	15.359021
16.358257	16.11418
15.782329	15.313653
16.65808	16.77926
15.88044	15.41259
15.965945	14.630015
16.347376	15.476292
15.626214	14.856538
16.86037	15.761604
16.03592	16.621687
15.697556	16.449532
16.801075	16.403355
15.9746475	16.024132
16.747068	17.04839
16.78513	17.496967
16.147747	17.061903
16.17523	17.207062
15.470569	16.939266
17.083109	17.598366
16.223677	18.58937
16.27412	17.805387
16.53038	18.792595
15.800494	17.553299
16.671883	18.818523
16.205795	14.035862
16.281902	13.286973
16.719704	14.761464
15.921095	13.402874
16.755342	14.431118
16.021954	15.939976
16.199858	15.252811
16.812187	16.563276
16.022125	15.502892
16.572332	16.00007
16.616068	17.140678
16.376518	16.416668
16.325228	17.681553
16.374645	16.681658
16.76152	17.663212
16.224487	15.744831
16.07804	15.358221
16.17675	15.363493
16.118427	15.227911
16.803953	16.221748
16.239687	16.96565
16.324278	15.530453
16.07933	16.515654
15.9185295	15.682604
16.708057	17.584042
16.631659	15.592089
15.691902	15.636343
16.502829	15.245027
15.882133	15.001718
17.0778	16.4682
16.522524	16.684814
15.597523	15.839554
16.441769	16.787598
15.89907	15.796651
17.207716	17.393972
16.69999	16.381603
16.25484	16.119438
16.105938	16.238157
15.84547	15.966459
16.801619	16.776613
16.37756	16.272058
15.806662	15.389879
16.68781	16.079409
15.770307	15.5777025
16.94358	16.795677
16.111652	18.135983
16.465567	16.87881
16.749153	17.46407
15.807913	16.919977
16.573938	18.336182
15.900052	18.078289
16.33312	18.559555
17.077045	18.388327
15.987079	18.07701
16.385405	17.998335
16.37594	15.984145
16.018023	15.811061
16.892992	17.207088
15.968019	15.889644
16.805544	16.359573
15.812856	15.97909
16.31258	15.285345
16.570406	16.604912
15.9672785	15.536704
16.406525	16.044044
16.330307	16.643478
15.558478	14.402498
16.687838	16.364195
16.20082	15.022635
16.80771	17.122469
16.189028	15.758919
16.302841	16.482166
16.30678	15.688946
16.086315	15.652359
16.5764	16.057526
16.661448	16.30754
15.949726	16.741678
16.301458	16.245918
15.774748	16.31274
17.027645	16.616182
15.951496	17.169512
16.06561	17.124617
16.669802	17.16853
16.064377	17.055996
16.543276	17.948303
16.459278	15.568522
15.987168	16.55651
16.297983	15.985464
15.698198	16.172178
17.051098	16.079157
16.15669	14.944837
15.420663	14.834827
16.44612	14.191509
15.860475	14.535727
16.883165	15.050631
16.982252	16.34251
15.6894045	16.088253
16.194641	16.186838
15.867838	15.94992
17.2597	16.735298
16.40756	15.551024
16.408274	15.166286
16.288643	15.412458
15.806834	15.622755
16.818233	15.577104
16.546268	14.470853
16.381742	14.162529
16.739603	15.393192
15.791875	14.688027
16.89302	14.969093
15.772846	16.942148
16.366234	17.664484
16.632965	17.008106
16.054321	17.205008
16.224007	17.038109
16.620798	15.440279
16.678423	15.60425
15.954223	15.163897
16.573368	15.00432
16.319752	15.556084
16.772284	14.738011
16.851612	13.16141
15.861559	15.083247
16.942678	13.780535
16.26374	14.791491
16.270256	16.97147
15.997315	17.14427
16.813072	16.90387
15.956938	16.438257
16.883821	17.568188
15.665181	15.28052
15.899132	16.551397
16.602936	15.771579
15.89901	15.64099
16.479223	15.816867
16.170113	16.109634
15.730328	15.982368
16.537846	16.589088
15.870784	16.029612
16.89992	16.843521
16.083715	16.08898
16.18957	16.120773
16.245214	15.031319
15.99447	15.7660675
16.717415	16.445503
15.970053	15.382145
16.066643	15.465583
16.130426	15.624895
15.822133	15.390681
16.639679	15.778965
16.160444	16.921495
16.579018	15.811523
15.737462	16.380219
16.051607	15.917371
16.570526	17.358843
16.25338	16.917765
15.463531	15.995898
16.477186	16.387136
15.573862	15.899107
17.140413	17.41197
16.31685	17.547655
16.17304	16.727762
16.24675	18.005903
15.897019	16.448284
16.904037	18.273354
16.659582	16.826887
15.525001	15.107776
16.87663	17.800873
15.76148	16.699905
17.06875	16.789728
16.56044	15.903783
15.7628	16.12347
16.750015	15.953231
15.957373	15.701043
17.073038	16.187592
16.490267	14.99353
15.480642	13.357674
17.147348	14.669928
15.706188	13.902422
16.824148	15.282505
16.299633	17.194654
15.701705	17.170448
16.595009	18.513248
16.374723	17.668478
16.67772	17.454254
16.650454	16.81198
16.807013	17.464062
16.264812	16.862553
17.089401	17.130487
16.245544	17.344898
17.288403	18.166683
16.310892	17.658306
16.229502	17.832256
16.570042	17.982435
16.711233	18.132738
16.189503	15.885773
16.590971	15.427975
16.31824	15.462341
15.924905	15.492257
16.747917	15.814154
16.236279	16.093061
15.240601	16.23793
16.525331	15.53134
15.970548	15.989645
16.848866	16.478153
16.273798	16.984138
16.125422	17.469658
16.016083	17.835417
15.87022	17.015871
16.644917	17.92271
16.459278	16.245049
15.523212	16.12723
16.609644	16.27573
15.678905	16.00069
17.341965	16.969782
16.392862	17.005096
16.032839	17.135698
16.649387	17.29683
15.886182	16.967218
16.745417	17.174282
17.103083	16.562231
15.707889	15.866271
16.925148	17.210213
15.77889	15.759897
17.197727	17.172081
16.123041	18.192783
15.501744	17.835415
17.260736	16.895294
16.054823	17.29378
16.681082	17.707294
16.813744	15.870945
16.875813	12.844135
16.122713	14.017078
16.998516	14.117524
16.448996	15.078749
16.074013	16.242447
16.814615	16.25615
16.446703	17.059383
16.027323	16.07091
16.473358	17.01022
16.140753	17.416843
16.243326	16.88163
16.691645	17.597797
16.117958	16.839788
16.679167	18.38631
16.33606	14.893755
15.766554	15.123852
16.57255	15.593817
15.8011	15.392496
17.040384	15.784384
16.287907	16.033304
16.161499	16.3761
16.107677	16.17703
15.704216	15.876389
16.946829	16.788622
16.481512	15.88232
16.000778	16.172901
16.138353	16.220207
16.036188	15.584852
17.062702	16.580154
16.625654	17.08385
16.189375	16.00923
16.355593	16.36604
15.932316	15.509276
16.98377	17.5971
16.433065	16.262539
15.910145	14.991654
16.782677	16.340729
16.001343	15.18619
16.824074	17.233059
16.690857	16.197392
16.259964	15.708424
16.35475	16.060303
16.232105	15.252369
16.962917	16.259203
16.609365	16.728851
16.674122	16.622965
16.482515	16.696783
16.959602	17.181856
16.301401	16.423027
16.39906	14.69225
16.116673	14.078953
16.716545	15.445164
16.452763	14.445742
16.827986	15.107927
16.098886	18.557808
16.471067	16.647882
16.804972	18.581436
16.24545	17.439024
16.244698	18.748653
16.165197	16.346127
16.325768	16.768333
16.689346	16.429798
16.107597	16.314898
16.627142	16.882702
16.20435	17.031357
16.356129	16.625126
16.00724	17.650564
15.900154	17.125
16.777977	17.768492
16.528849	18.287628
15.531746	18.112207
16.470928	18.922716
15.710088	18.293936
16.993698	18.562262
16.273867	15.92255
16.149387	14.944928
16.01974	15.46096
15.906611	15.347311
16.827368	16.149628
16.839195	17.250256
15.905544	17.640686
16.205801	18.366125
15.772429	17.457748
17.2176	17.452919
16.273394	14.911405
16.143518	14.344521
16.48204	14.063254
15.593145	14.423232
16.70898	14.740005
16.20954	13.34577
16.394302	13.951281
16.404423	14.145575
15.786819	14.460369
16.780464	13.416144
16.988598	18.332447
16.052826	17.003063
16.266954	18.020048
15.905549	17.373886
17.057142	18.4304
16.801466	18.273708
16.254417	16.653034
16.567865	19.28619
16.490942	17.094944
16.967226	18.780834
15.433649	15.880928
16.97074	16.583641
16.601145	16.672043
16.350002	16.202652
16.100641	16.380112
16.16445	18.323586
15.88018	18.48051
16.2546	19.087402
15.870791	18.264418
16.879753	19.167532
17.200615	15.276433
15.842539	15.636599
16.097141	15.667286
15.746798	15.494491
17.409369	15.776619
16.577564	18.667667
16.062351	17.370615
16.155945	17.730122
15.544156	17.784224
17.115622	18.75678
16.928114	19.103516
15.986939	18.78061
16.12747	19.742512
15.745847	18.837828
17.147724	19.77917
16.48938	15.461786
16.158272	15.356718
16.492846	14.872459
16.31166	14.619297
16.663187	15.462993
16.95628	15.676554
15.807758	16.211914
16.7061	15.35548
16.420355	15.599539
16.924078	15.855169
15.98041	14.415253
16.226475	14.489383
16.528746	15.233063
16.462193	14.636133
16.347216	15.853029
15.677304	16.1028
16.729145	16.095345
16.42902	16.570723
16.872307	16.466803
15.854503	16.16958
16.220638	17.605429
16.254416	17.365868
16.909275	19.4906
16.590214	17.725069
16.46596	18.388397
15.774359	14.914489
15.911231	15.247187
16.988098	14.704145
15.952742	15.020433
16.659817	15.459393
15.91856	16.020731
16.220272	14.334922
16.607141	15.966455
16.0216	15.023121
16.53863	17.435062
16.700893	13.425137
15.929004	13.156771
16.48325	13.721843
16.005856	13.387899
16.857914	14.264185
15.860383	14.717459
15.769023	14.975271
16.187138	15.140079
15.732195	14.862548
16.790495	15.173458
16.578505	16.78779
16.42546	16.900444
15.737588	17.208372
15.988941	16.762297
17.118296	17.420216
16.32539	17.072311
16.03155	15.743284
16.463913	16.347504
15.87213	15.689015
16.721083	17.211288
16.281626	15.814448
16.040154	14.938953
16.805384	16.418928
16.30036	15.591528
16.614985	15.950952
16.220991	15.954126
16.631578	15.12029
16.520014	15.514025
16.513771	15.633976
16.180456	16.113928
15.963675	15.745768
16.672382	16.477774
16.573467	16.45381
16.583124	15.98466
16.338066	16.38264
15.789942	15.313812
16.625961	15.327058
16.811178	15.2934
16.446783	14.908673
16.176182	15.6999
15.827164	15.397804
16.536682	15.332439
16.71884	15.308239
16.392998	14.975262
16.264133	15.747484
15.997717	15.876885
16.381804	15.390878
16.344755	16.054008
15.904491	14.954176
16.65083	16.310637
15.783168	16.541061
15.5232115	16.033167
16.507774	15.960649
15.922229	16.455477
16.5365	16.484692
16.321527	16.292303
15.740918	15.658781
16.517565	16.113361
15.912543	15.368139
16.988419	16.847118
16.306328	14.717869
15.579862	13.712069
16.373074	14.292428
15.784685	13.499324
17.02621	15.426428
16.486675	14.756743
15.927622	14.976521
16.159622	15.127588
15.966807	14.879751
16.861591	15.188911
16.373625	16.931236
16.018726	16.288078
16.292242	16.553846
15.901055	16.38983
17.085733	17.548393
16.597713	15.124006
16.057285	14.544348
15.92089	14.346423
15.721828	14.374856
17.113298	15.917118
16.666878	14.939925
16.082922	15.108397
16.010977	14.894891
15.610819	14.87369
17.047245	15.546305
16.848015	15.417811
16.15658	15.751483
16.082127	16.144793
16.008284	15.937195
17.200344	15.661866
16.80777	16.794952
16.071218	15.442158
16.431604	16.359787
16.334126	15.584747
16.906815	16.369312
17.018251	17.956501
16.655336	17.373308
16.170326	17.049095
16.892193	17.956161
16.29331	17.744629
16.950146	17.231424
16.593506	16.316757
16.212944	16.051603
16.939922	16.260927
16.66637	17.088343
15.817395	16.055088
16.461176	16.111012
16.642332	16.869608
16.482508	16.297972
16.310673	16.492271
16.081871	16.016138
16.361008	16.09523
16.79838	16.87384
16.420511	16.283548
16.45036	16.460777
15.605562	15.295481
16.59363	14.657385
16.654095	15.202587
16.416306	14.550561
16.098816	15.81469
15.957817	17.969076
15.741549	17.659142
17.27233	18.207872
16.189947	17.789879
16.61983	18.667131
15.893242	16.445395
16.293266	14.706119
16.464605	16.537601
15.988433	15.5730715
16.546534	17.142384
16.123425	16.502846
15.615634	16.0143
16.488928	16.383102
15.967619	16.067013
16.97541	17.194565
16.120155	16.547298
16.061922	16.369263
16.18374	17.136719
15.987682	16.117775
16.932201	16.945055
16.566433	16.599504
15.644167	15.88452
16.274904	16.320925
15.916246	15.963639
17.203272	17.218891
16.293945	16.074583
15.579446	16.339682
16.491003	16.286634
15.69737	15.804305
17.370275	17.14062
16.607502	15.273783
15.609312	16.066425
16.376848	16.137606
15.628061	15.09692
17.274752	16.136932
16.339573	15.679536
15.589527	14.996175
16.34974	14.504229
16.062805	14.984874
17.046124	15.675437
16.526937	16.522785
16.282333	16.228004
16.104471	15.752108
16.163519	15.726478
16.873693	16.929596
16.293474	18.357191
16.266144	16.172512
15.912116	17.683407
15.776929	16.628862
16.734875	18.439962
16.396511	18.054893
16.127382	16.770367
15.933562	17.647087
15.638009	16.568884
16.961765	18.26762
16.874525	19.345371
15.744462	17.6083
16.54804	18.012869
16.248644	17.221537
16.788088	19.915445
16.568945	16.511404
16.443178	15.548397
16.21333	15.960306
15.831339	15.297901
17.05464	16.814678
16.370115	16.113964
15.713707	16.351727
16.82117	16.351208
15.950361	15.968208
16.82462	16.288847
15.935614	17.068419
16.062029	17.812614
16.82923	18.18277
15.945966	17.374453
16.62005	17.978012
16.265554	16.557993
15.809345	16.744328
16.423021	17.677502
16.271027	16.887178
16.861336	17.128345
16.483562	15.224637
15.914103	15.757922
16.207418	16.486538
16.105026	15.346703
16.970423	16.229832
16.653252	16.427559
15.411022	15.898266
16.241314	16.552826
15.484258	15.763152
17.783794	17.58037
15.955979	15.186686
16.328814	15.32783
16.371681	15.202806
15.826734	14.824721
17.013659	15.901851
15.83695	17.777493
15.975684	17.106194
16.52106	17.56704
15.856221	17.010387
16.898203	18.378006
16.45338	18.912987
15.951519	16.099522
16.280851	18.238262
15.781776	16.782206
16.922174	19.473965
16.214888	16.756115
15.839878	15.560317
16.232183	16.208206
15.919506	15.647691
16.862043	17.034498
16.74494	17.237152
16.83891	16.9057
15.918461	15.99856
16.906414	17.094513
16.482126	16.513638
17.10715	13.892181
16.963501	13.502428
15.5525	12.927788
16.999752	13.885279
16.333504	13.618456
16.046047	16.409588
15.985005	15.784695
16.872314	16.708534
16.28172	15.828754
16.579472	17.117355
16.039799	16.614294
16.236923	15.017075
16.45131	16.375431
15.991819	15.48276
16.493284	16.897125
16.074982	16.840252
16.219463	17.051468
16.3818	16.95328
16.088392	16.820147
16.58482	17.57059
15.92156	15.780777
16.51088	16.052483
16.056694	16.685764
16.264309	15.503838
16.459406	16.91454
16.135572	16.281033
16.070116	15.77841
16.19167	14.93321
16.355803	15.095357
16.52378	16.372002
16.387602	18.77634
15.920399	18.889097
16.053522	18.17765
16.207151	18.370176
17.045195	19.54337
16.525969	17.296892
15.882973	17.702381
16.182549	16.83591
15.838625	16.581852
17.03658	17.63143
16.446093	16.690502
16.020048	17.413548
16.574036	17.405373
15.65446	16.52637
17.30154	17.173538
16.310667	16.316114
15.426648	16.811846
16.532578	17.17753
15.659945	15.985239
16.88638	17.256908
16.203024	18.928497
16.237448	16.096615
15.839659	18.247475
15.864612	16.79178
16.681765	19.488804
16.290499	15.016482
15.774003	14.654414
16.534548	15.88191
15.853345	14.622932
16.995884	15.230228
16.14216	16.829838
15.789441	17.26161
16.71449	17.929634
16.194426	17.17925
16.455519	17.555908
17.136953	17.620743
15.818484	15.4571705
16.376385	16.26727
16.342377	16.082987
17.079689	17.29204
16.890118	17.623241
16.798344	15.419889
16.081696	16.246677
17.063704	16.06014
16.2862	17.276237
17.0932	16.482447
16.981596	16.453587
15.988123	16.717855
17.251158	16.81423
16.302383	16.608116
15.793239	16.205177
16.340345	16.115753
16.80251	16.93673
16.442385	16.338598
16.175884	16.783667
16.430014	16.502224
15.793676	16.099075
16.875223	16.950417
15.946271	16.161613
17.127462	16.852736
15.540218	16.474056
16.568016	16.1986
16.39244	17.538162
15.929547	16.688772
16.124485	17.161953
16.158571	18.12716
15.733719	17.521355
16.436136	19.540428
16.001404	18.149595
16.746105	18.321121
17.403936	15.677889
15.591713	17.661255
15.8963785	17.001083
16.023315	16.734863
17.01085	17.427456
16.192451	16.688786
15.991664	16.377348
16.202286	15.727535
15.960315	16.30181
17.030972	17.102093
15.96583	18.0901
15.559411	17.245842
16.624928	18.697931
15.5673895	16.926538
17.242706	19.13712
16.563108	16.649887
15.867472	15.957698
16.152712	16.23582
16.002693	15.981745
17.013556	17.05119
16.538675	18.781406
16.23967	18.05102
16.261719	18.508162
15.93841	17.699434
17.070715	18.967579
16.73623	17.834206
15.815461	16.799469
16.298306	18.917934
15.875515	17.493093
17.056952	18.469734
17.043192	16.724993
16.115376	17.38676
16.127243	16.467167
16.51785	16.477674
17.064161	17.153683
16.228739	16.929081
16.53758	16.619438
16.65644	16.686161
16.572132	16.547697
16.538221	17.036808
16.66276	16.515392
15.587565	16.33055
16.794327	15.957531
16.028044	15.76616
17.33828	16.69188
16.387629	16.704918
16.432217	15.278398
16.394623	16.070454
16.237823	15.283525
16.736427	17.373089
15.830752	13.739194
15.944208	13.075912
16.729052	13.443323
16.170315	13.216371
16.526926	14.462919
16.059048	15.042336
15.710874	16.019896
16.637878	15.64244
16.159792	15.852978
16.67363	15.748142
16.72731	16.85231
16.096504	15.740565
16.040733	16.240622
16.194887	16.33167
17.159883	17.429379
17.57944	16.564331
15.723413	15.984381
15.684488	15.946927
16.33409	16.30327
17.013172	17.012608
16.39672	16.298973
15.579369	15.827175
16.510853	15.883883
16.12667	15.831171
17.00714	16.92583
16.975122	16.627151
15.12309	15.834512
16.43602	16.315811
15.40107	16.03274
17.46496	17.033451
15.952581	18.71617
15.918334	17.977835
15.991849	18.555433
15.745811	18.135681
16.830118	18.75282
16.322796	16.24363
15.920104	15.707054
16.122662	16.414265
15.750371	15.732149
17.053995	16.889822
16.592306	17.214878
16.003845	15.564788
16.064255	16.871828
15.897431	16.053978
17.154158	17.791473
17.520695	16.691072
15.720084	15.918468
16.19913	16.141367
16.186806	16.073269
17.260052	16.729496
16.123726	17.190006
16.54605	16.41961
16.529617	18.446953
16.59571	17.19146
16.495869	17.925558
16.364754	14.138486
15.971088	12.887344
16.608473	14.655933
15.936257	13.7548065
16.983234	15.5536785
16.712097	16.59397
15.791014	16.883656
16.843267	17.143974
15.837276	16.145777
17.056036	17.54982
16.227837	16.151402
16.170496	18.076923
16.458605	16.818457
16.478607	17.122066
16.826576	16.378412
16.771551	16.805655
15.856617	15.721367
16.236233	16.226286
16.211903	16.340101
17.127554	17.38234
16.588783	16.675716
16.341438	16.351202
15.946075	15.7459755
16.355005	16.296415
16.88418	17.109413
16.408733	12.660023
15.827322	13.330461
16.09415	12.842923
15.86337	13.513931
17.111292	13.644344
16.353832	16.591541
16.127094	17.573923
15.988843	16.942255
15.809429	17.203285
16.844778	16.565022
16.441872	15.176172
15.765191	14.596552
16.880512	15.643365
15.886174	14.665443
16.94599	16.551668
16.492912	16.372921
16.29115	16.162369
16.022114	15.996094
16.260828	16.118193
17.027292	16.706469
16.136002	17.221165
15.541103	15.745357
16.593504	16.59328
15.701375	15.862509
17.551266	17.967932
16.497538	18.184492
15.918984	16.35113
16.496344	17.83559
15.856752	16.63267
17.496511	19.378216
15.76262	15.399757
16.110085	16.134792
16.500612	15.896288
15.459446	15.268607
16.855673	16.06731
16.221025	16.680183
15.929968	16.159311
16.255365	16.309946
15.717262	15.89851
17.072454	17.30727
16.792124	15.889669
15.951899	16.019169
15.8379965	15.572555
15.724282	15.46873
17.34688	15.888576
16.288239	16.193436
16.258335	15.449553
15.93085	16.80841
15.842713	15.566228
16.935638	17.19477
16.100817	14.7897
15.775595	13.199999
16.56718	14.045388
15.9347515	13.372368
16.776085	15.700193
16.247824	18.200306
16.078796	17.725082
16.184011	18.06801
15.825341	17.350924
16.909222	18.968704
16.379128	14.611701
15.898636	14.987245
16.463692	14.711065
16.058863	14.396408
16.974222	14.968796
16.483805	16.985695
16.040148	15.824698
16.580387	16.883202
15.9703	16.140667
17.052687	17.076967
16.485836	16.403679
15.776375	16.365665
17.109484	16.043795
15.870881	15.423821
17.204355	17.042332
16.749033	14.218515
15.884618	14.817047
16.687508	14.553518
15.703843	14.217146
17.043774	14.325
16.029417	15.210378
15.47153	15.592889
16.817938	16.27324
15.950848	15.363116
16.774893	16.6391
16.068335	16.770527
16.04908	15.062397
16.544203	17.73834
15.758196	15.820522
17.138988	17.938992
16.024826	13.126251
16.476831	12.524308
16.281666	12.881989
15.94363	13.30061
16.822874	13.888983
16.636272	16.89569
16.31114	15.627211
15.662472	16.49573
15.820271	15.815719
17.11749	17.756268
17.044912	16.58848
15.758642	16.71783
16.05856	16.355827
15.814463	16.518816
17.410854	17.357445
15.62718	16.962505
16.71092	16.835896
16.461006	17.442728
16.18186	16.585936
16.232761	17.55904
15.7901	15.848098
16.270447	15.660445
16.742228	16.381535
16.138855	15.655234
16.487814	17.298422
16.669044	14.907905
16.381182	14.582862
16.47504	14.73468
15.929743	14.163736
17.08868	15.461634
16.298635	15.761144
15.567969	16.219421
16.55103	16.19852
15.826539	16.392641
16.79972	16.453384
16.617924	16.950024
16.545494	16.26292
16.038506	16.100748
16.415436	16.16414
16.942135	17.195293
16.74299	16.3427
15.129957	15.730862
16.625391	16.847763
15.099807	16.012712
17.86337	17.588634
16.483723	16.313643
16.0319	15.565266
16.438948	16.938828
15.681876	15.573983
17.628212	17.748951
16.70096	14.932284
16.203089	15.941512
15.868504	15.006679
15.6019335	15.510569
17.159569	15.536782
16.734518	15.433551
16.360598	14.353715
15.679802	15.682025
15.917804	15.242137
17.029266	16.295021
16.655392	14.72265
16.064896	14.949453
16.224428	13.497742
15.910475	14.310709
16.970928	14.850815
16.536066	14.4376745
15.850725	14.675905
16.360771	14.90713
15.861589	13.999104
16.944633	15.069038
16.087383	13.988586
16.385706	15.617914
16.112692	15.269281
15.944535	15.623898
16.55316	15.237828
15.771748	13.831255
16.258558	13.889782
16.865017	14.570261
16.28797	14.054023
16.418684	14.711277
16.09929	13.757011
16.60878	14.015383
15.953386	14.443306
15.938718	14.033903
16.628317	14.372859
16.478474	15.612394
15.79382	14.360203
16.592527	15.120756
15.882859	14.891949
17.108341	15.740405
16.562384	16.347923
15.97735	16.20458
16.247547	16.344532
16.206406	16.221144
17.05482	16.972002
16.030382	15.328764
15.461813	16.2288
16.605791	16.58251
15.823387	15.465548
17.05949	16.564007
16.750938	13.118969
16.411375	13.631197
15.940058	14.081955
15.806826	13.4564705
17.079594	13.114841
16.300959	15.943965
16.443071	16.376755
15.800908	15.738359
15.853703	16.746244
17.004147	16.169712
16.047972	16.644806
15.832051	16.414206
16.598223	17.332767
15.799574	16.485163
16.530273	17.149242
16.570555	16.17353
15.771534	15.693523
16.688593	17.192047
15.769747	15.699295
17.090157	16.579079
16.670298	17.251904
15.969092	16.557707
16.767426	17.176785
16.050571	16.808125
17.04997	17.364876
16.169914	16.732954
16.353422	16.30607
15.915829	16.30353
16.226377	16.330484
16.74802	17.276506
16.652756	16.4207
16.012505	16.174202
16.201048	15.961901
16.294516	16.131968
17.171333	16.850147
16.070673	15.509525
15.746618	15.649306
16.563995	15.773945
15.641738	15.530039
17.314785	16.446655
16.440685	14.950293
16.230316	13.796935
16.625448	14.14181
16.234966	13.738397
16.606749	15.034434
16.175564	16.078611
16.563116	16.391071
16.635094	16.499039
16.277649	15.982399
16.549957	16.359394
16.36828	18.289114
15.899874	17.127008
16.874285	18.550228
15.839842	17.633963
16.763247	19.017492
15.831001	16.303001
16.195824	15.624752
16.381886	16.925941
15.98337	16.03894
16.52419	16.942032
16.471287	16.619198
15.667866	15.736214
16.74834	16.500187
15.910799	15.779244
16.690704	16.866165
16.193375	16.383123
16.314018	17.213308
16.207872	16.000675
15.984857	16.152723
16.855957	16.906853
16.446264	15.999989
16.10493	15.714575
16.18562	15.527571
15.982896	15.489888
17.12545	16.264263
16.531828	16.893238
15.827216	16.253046
16.316156	16.53649
15.956635	16.33398
17.22334	17.360367
16.08822	17.560575
15.986246	17.339394
16.272236	17.101372
15.876894	17.343752
17.269922	18.47974
16.041197	15.740002
15.616149	16.554031
16.58526	15.451871
15.711969	15.768151
17.223082	15.743869
16.044363	19.53701
16.097837	17.01879
16.135855	18.973364
15.783271	17.579062
17.052252	20.844786
16.243368	15.271431
15.995924	15.613102
16.238586	16.297344
15.794595	15.110151
17.339815	15.725195
15.765784	16.205753
16.21846	16.301838
16.604044	16.591335
16.003027	15.98414
16.536919	16.569574
15.862552	14.915925
16.737404	14.620469
16.062683	14.702511
16.054409	14.505213
16.326883	15.0605135
15.961061	15.630732
16.088547	16.586271
16.914562	16.17174
16.017336	15.848453
16.695261	16.150034
15.779504	15.452793
16.026102	14.392418
16.859438	15.11619
15.92501	15.019701
16.5802	16.000946
15.946018	16.206972
16.241873	15.272389
16.40767	15.069054
16.004812	15.743913
16.569708	16.367296
16.055065	17.005407
16.12214	17.00591
16.565718	17.625324
16.18955	16.526625
16.587252	17.599247
16.511305	16.915836
16.513395	16.070808
15.903307	16.072617
15.776452	15.974049
16.958311	17.418224
16.653685	16.987022
15.486807	16.554379
16.606417	16.221542
15.878242	16.34736
17.276789	17.208946
16.04529	16.49383
15.710262	15.563419
16.482258	15.205329
15.687045	15.266134
17.152225	17.49393
15.718445	16.684578
16.37024	16.51115
16.537983	16.801533
16.160736	16.185196
16.258663	17.095322
16.343788	15.694537
15.793856	15.957324
17.025778	16.397316
15.895789	15.862966
16.926968	16.453388
15.482512	15.528946
16.08741	14.198252
16.670715	15.638502
16.041061	14.459927
16.344193	16.266563
15.831141	16.558817
16.159563	16.423267
16.873241	16.867428
16.117762	16.128275
16.717537	17.313515
15.990666	16.794975
15.981129	16.377714
16.207054	16.241707
16.120005	16.121815
16.806965	17.08922
16.453672	16.821587
16.258785	16.380404
16.079922	16.238123
16.30034	16.127922
16.963493	17.102278
16.16421	17.918394
15.522863	17.015959
16.500343	18.23439
15.82834	17.129995
17.356829	18.542046
15.68295	14.785175
16.658482	15.2921715
16.210934	16.311913
16.119133	15.248275
16.25413	16.070032
16.132017	16.482292
16.413439	18.12595
16.16098	16.003769
16.080029	17.321587
16.806406	16.648842
16.340038	14.42391
16.363451	13.610605
16.196085	13.624325
16.113281	13.807761
16.930437	14.959759
16.344933	16.850826
15.900971	17.133516
16.450932	16.845861
16.360136	16.53731
17.459604	17.550222
15.585259	16.157993
15.950416	15.962662
16.494204	16.394043
15.905701	16.323032
16.778908	16.695168
15.667025	13.335169
15.475398	13.68078
16.5607	13.544173
15.830685	13.623457
16.884495	13.931905
16.307547	17.40817
16.040728	16.769594
16.463736	17.801804
16.043234	16.757772
16.864197	17.864727
15.811711	15.657931
16.410307	15.745474
16.275667	16.653828
15.855061	15.82477
16.510263	16.29894
16.33495	17.120407
15.783799	17.314455
16.54144	17.18898
15.842308	16.559362
17.016708	18.074848
15.794706	16.97363
16.521109	15.972622
16.15072	17.14071
16.09097	16.19226
16.468033	17.520863
15.919923	16.174278
16.315823	16.642899
16.24223	16.556929
16.108599	16.653189
16.767765	17.175827
16.504728	17.096832
15.768813	17.589191
16.428867	17.194736
15.736269	17.450176
17.487125	17.831463
16.052195	15.012955
15.67562	15.422605
16.237543	15.816498
15.653003	15.253098
17.10817	15.447628
15.96783	14.794872
15.818367	14.9035225
16.274294	16.011824
15.858291	15.402155
16.829174	15.858932
16.167025	13.996082
15.500412	14.427956
16.578962	13.602848
15.900344	13.5595
16.953737	14.421846
16.246672	14.317755
16.054884	15.104462
16.316334	14.389561
16.022343	14.46954
16.899336	15.058644
17.392996	16.464485
15.192734	16.036842
15.886719	16.423735
15.298435	15.976801
17.88993	17.42213
15.568455	16.13216
15.561594	15.451362
16.96943	16.576206
15.972387	15.66107
16.32334	16.972036
15.815933	14.616322
15.989688	15.235165
16.153572	15.175752
15.858685	14.989286
16.680182	15.524977
15.80556	16.66633
15.918722	15.96528
16.26674	17.231716
15.828086	16.367773
16.739656	17.11434
15.998527	16.238682
15.898215	16.285118
16.389717	16.264936
15.919833	15.938341
16.709532	17.008713
16.232147	14.982525
16.203812	15.622612
16.038187	16.605915
16.244349	14.512925
16.699455	16.815186
16.1784	17.958542
16.161404	17.335924
16.200388	17.465767
15.796272	16.957363
16.947605	18.057758
16.077038	17.481186
16.261204	16.498615
16.06062	17.384064
15.931773	16.855059
16.855146	18.122707
16.050785	19.913261
15.5094185	19.587439
16.504492	20.76064
15.728096	19.325125
16.811724	21.103859
15.610739	17.552628
16.040876	15.896118
16.226233	16.149221
16.027758	16.24478
16.432713	17.053211
16.932419	17.572823
15.8312235	15.917073
16.323282	16.1736
15.977404	16.275312
17.026937	17.084656
18.044275	14.341173
15.386262	15.088123
15.565517	14.381924
15.669178	14.451893
16.884945	15.077091
16.59575	16.801693
14.93845	16.811165
16.598253	17.716362
15.260672	16.763594
17.19636	18.020157
16.103	15.696199
15.682435	16.228989
16.472776	16.986404
15.722155	16.358896
16.959316	16.81924
16.044767	17.552654
16.207537	16.963806
16.110687	16.835243
15.827513	16.895042
16.73865	17.734852
15.631991	16.426147
16.05866	16.384277
16.173044	16.070288
16.189878	16.043146
16.82196	17.373873
15.921112	16.034122
16.040436	15.179142
16.04108	15.574751
15.806819	15.689738
16.957376	16.831024
16.046553	17.999006
16.139029	17.138765
16.363058	17.862993
16.20683	17.056967
16.678068	19.05787
16.04515	16.131775
16.028263	16.305935
16.166107	16.378729
16.017109	16.099394
16.823557	16.850832
16.223597	14.947953
16.278893	14.805163
16.01361	14.4440775
16.408247	14.454581
16.815231	15.100941
15.804614	16.755692
16.310463	16.37236
15.97406	16.927372
15.863767	16.633024
16.533726	17.296745
15.873843	17.24407
16.331493	16.717419
16.126637	18.041252
15.976291	17.220638
16.60804	17.526392
16.332764	15.424144
15.812334	15.857128
16.275686	15.608597
15.968548	15.628248
16.93751	15.374432
16.57044	17.951345
15.301421	17.292778
16.509262	17.940865
15.716311	17.228182
17.720852	18.654257
16.212082	17.090725
16.295994	16.58361
16.050917	16.018831
15.873573	16.287802
17.178654	17.28752
16.360596	16.331097
15.500553	16.067726
16.494919	16.288979
15.632711	15.967347
17.393555	17.171703
15.53757	16.215689
16.042074	16.555792
16.262262	16.058773
16.038284	15.568172
16.544174	16.709555
16.130972	17.486721
15.929897	16.886456
16.347027	18.334213
15.897246	17.075659
16.960873	18.627384
16.580496	16.165897
15.939668	15.813509
16.379509	16.47288
15.919139	15.771299
16.849302	17.038288
16.094841	16.132122
15.8074255	15.410164
16.532516	16.614647
15.917887	15.283822
16.94333	16.89475
16.230812	16.144798
16.225399	15.893054
16.129492	16.303047
16.01332	16.135082
16.84175	17.03303
15.954492	16.31071
15.926801	16.037888
16.219002	16.0311
15.892664	16.058039
16.872728	16.941633
16.380556	17.224794
15.623605	16.404924
16.478933	16.729668
15.7890215	16.79662
17.320452	17.95419
16.185171	16.653225
15.879858	16.392052
16.352139	15.667045
15.99823	16.148975
17.095863	17.302143
16.200665	16.408825
16.294674	15.146174
16.025457	16.108303
16.10678	15.457052
16.975927	17.029999
16.269613	18.787863
16.223915	18.534966
16.00735	17.825539
15.714416	18.459938
16.95259	19.382622
16.53921	14.357602
15.691398	15.590277
16.303139	14.088545
15.945616	14.167896
17.22866	15.203813
16.293013	16.954224
16.317635	16.102005
15.943895	16.100805
16.07087	16.043432
16.934132	17.368927
16.658121	16.292202
16.387049	16.021025
16.047737	16.004465
16.308739	16.029947
17.109516	16.934338
16.34715	16.796518
16.089231	16.076935
15.83338	15.916542
16.072386	16.032057
17.010904	17.378422
16.22033	16.36783
16.152113	17.301548
16.314882	15.998273
15.836773	16.955751
16.749054	15.87855
16.24602	17.075773
15.938068	17.21884
16.136053	17.237764
16.07108	16.432186
16.935034	17.912073
16.267027	16.592112
16.003942	16.118229
15.921695	16.069763
15.850193	16.08241
17.113518	17.164139
16.140865	16.614288
16.026955	15.814065
16.000227	16.45512
16.030926	15.998711
16.97028	16.956213
16.384188	16.644186
15.876755	16.057072
16.258183	16.45365
16.02681	16.241499
17.062548	17.269735
16.864227	17.643335
15.805308	15.795097
15.9775305	16.104933
16.013966	16.219458
17.055756	17.175846
16.66364	16.272795
16.095053	15.285934
15.81952	15.5885
16.043655	15.443499
17.187609	16.553888
16.852985	16.742764
16.177578	16.508263
15.91659	16.424366
15.955526	16.739265
16.99947	17.179962
